{
  "greeting": "Hello, world!",
  "numnum": 69.690000,
  "order": [
    1.000000,
    2.000000,
    3.000000
  ]
}